NCBI GeneID,Gene symbol,num of cells in which gene responds to hypoxia,Average fold change in hypoxia,consistent response in hypoxia,HIF score,HIF site rank,hypoxia rank,Final rank,Previously validated HIF target
3486,IGFBP3,3,40.6,Yes,4,1177,5,449,Yes
2026,ENO2,4,39.6,Yes,5,1128,3,407,No
6533,SLC6A6,5,35.8,Yes,8,860,1,256,No
29923,HIG2,5,32.6,Yes,25,227,2,23,Yes
664,BNIP3,6,21.7,Yes,14,515,4,104,Yes
55076,TMEM45A,4,21.6,Yes,65,25,7,1,No
768,CA9,2,16.2,Yes,11,632,19,149,Yes
5743,PTGS2,1,16.0,Yes,11,639,56,165,No
230,ALDOC,6,15.7,Yes,53,53,6,3,Yes
4015,LOX,3,14.2,Yes,18,328,12,50,Yes
467,ATF3,4,13.6,Yes,13,541,8,115,No
10397,NDRG1,4,12.9,Yes,15,431,9,80,inconclusive
10802,SEC24A,2,10.8,Yes,54,46,36,7,No
3623,INHA,1,10.6,Yes,11,684,99,205,No
148523,C1orf51,1,10.5,Yes,20,293,103,70,No
6676,SPAG4,3,10.1,Yes,22,266,21,33,No
51299,NRN1,1,10.1,Yes,12,613,109,176,Yes
9590,AKAP12,2,9.7,Yes,80,10,41,2,No
10144,FAM13A1,4,9.5,Yes,6,985,15,340,No
401474,SAMD12,1,9.3,Yes,95,2,127,13,No
5054,SERPINE1,2,9.3,Yes,11,658,44,168,Yes
4601,MXI1,5,8.9,Yes,17,384,11,68,Yes
771,CA12,2,8.5,Yes,16,401,49,82,Yes
284716,FAM80A,2,8.2,Yes,9,806,52,253,No
353322,ANKRD37,4,8.1,Yes,45,77,18,8,No
83937,RASSF4,1,8.0,Yes,27,196,155,52,No
9818,NUPL1,3,7.9,Yes,6,1038,31,382,No
4915,NTRK2,1,7.7,Yes,32,138,165,37,No
374655,ZNF710,2,7.6,Yes,17,364,60,74,No
4084,MXD1,2,7.6,Yes,13,519,61,128,No
55785,FGD6,1,7.6,Yes,5,1073,170,493,No
79365,BHLHB3,2,7.5,Yes,20,301,63,55,Yes
29950,SERTAD1,1,7.5,Yes,6,1013,177,456,No
8726,EED,1,6.9,Yes,18,342,211,117,No
4282,MIF,3,6.7,Yes,31,148,39,19,No
5507,PPP1R3C,2,6.6,Yes,30,165,74,25,No
8614,STC2,3,6.5,Yes,47,75,42,10,Yes
389337,FLJ41603,2,6.4,Yes,11,649,78,180,No
26355,C3orf28,6,6.3,Yes,17,378,14,66,Yes
26118,WSB1,5,5.9,Yes,22,257,24,32,No
51141,INSIG2,4,5.9,Yes,18,348,32,59,No
2997,GYS1,4,5.8,Yes,22,255,33,34,No
1847,DUSP5,1,5.8,Yes,7,930,280,469,No
7436,VLDLR,3,5.7,Yes,8,880,48,306,No
30001,ERO1L,6,5.4,Yes,19,312,17,47,Yes
60370,AVPI1,1,5.4,Yes,28,177,322,92,No
1649,DDIT3,1,5.4,Yes,28,182,321,93,No
55647,RAB20,3,5.4,Yes,10,737,54,211,No
8553,BHLHB2,6,5.3,Yes,6,1011,20,359,Yes
23462,HEY1,2,5.3,Yes,7,963,101,380,No
22936,ELL2,3,5.1,Yes,5,1143,59,465,No
55818,JMJD1A,6,5.0,Yes,58,40,22,4,Yes
10625,IVNS1ABP,1,5.0,Yes,18,331,377,172,No
196441,CCDC131,1,5.0,Yes,14,492,372,259,No
2023,ENO1,6,5.0,Yes,7,910,23,310,Yes
10252,SPRY1,2,5.0,Yes,5,1100,111,473,No
23210,JMJD6,2,4.9,Yes,14,498,115,138,No
114088,TRIM9,2,4.8,Yes,53,50,122,17,No
7071,KLF10,6,4.8,Yes,26,210,26,24,No
3659,IRF1,1,4.8,Yes,9,761,418,443,No
494470,RNF165,1,4.7,Yes,31,156,426,130,No
5033,P4HA1,6,4.6,Yes,53,52,28,6,Yes
8974,P4HA2,4,4.6,Yes,19,316,45,53,Yes
5292,PIM1,3,4.6,Yes,19,311,71,61,No
23524,SRRM2,1,4.3,Yes,15,424,469,277,No
55214,LEPREL1,1,4.3,Yes,15,460,465,302,No
9570,GOSR2,3,4.2,Yes,40,97,81,18,No
6774,STAT3,2,4.2,Yes,16,413,141,118,No
54455,FBXO42,3,4.2,Yes,9,768,80,248,No
205428,C3orf58,2,4.2,Yes,5,1092,140,487,No
151556,GPR155,2,4.1,Yes,10,721,151,266,No
54541,DDIT4,4,4.0,Yes,84,8,55,5,Yes
51569,UFM1,2,4.0,Yes,31,149,156,40,No
57186,C20orf74,1,4.0,Yes,17,387,493,268,No
10628,TXNIP,2,3.9,Yes,32,144,162,41,No
23429,RYBP,3,3.9,Yes,9,749,89,243,No
125228,C18orf19,2,3.9,Yes,5,1064,164,485,No
23142,DCUN1D4,1,3.8,Yes,33,137,520,152,No
84706,GPT2,2,3.8,Yes,12,612,169,202,No
81855,SFXN3,3,3.8,Yes,10,698,92,210,No
55339,WDR33,2,3.7,Yes,60,35,180,21,No
7852,CXCR4,4,3.7,Yes,15,429,66,91,Yes
283417,DPY19L2,1,3.7,Yes,15,463,528,333,No
5230,PGK1,5,3.6,Yes,48,71,46,11,Yes
1808,DPYSL2,1,3.6,Yes,22,260,540,217,No
1615,DARS,3,3.6,Yes,7,950,97,370,No
3280,HES1,2,3.5,Yes,23,246,196,81,No
5165,PDK3,3,3.5,Yes,6,1046,105,425,No
9842,PLEKHM1,2,3.5,No,7,982,198,445,No
221079,ARL5B,2,3.5,Yes,6,1041,199,491,No
58528,RRAGD,3,3.4,Yes,21,282,106,64,No
25976,TIPARP,2,3.4,Yes,15,472,212,160,No
1392,CRH,1,3.4,Yes,36,123,565,162,No
8577,TMEFF1,2,3.4,Yes,13,521,218,184,No
51526,C20orf111,1,3.4,Yes,28,183,566,186,No
9770,RASSF2,1,3.4,Yes,23,251,570,231,No
440270,GOLGA8B,2,3.4,Yes,9,802,220,351,No
83856,FSD1L,1,3.4,Yes,11,645,568,474,No
79939,SLC35E1,2,3.3,Yes,19,319,223,112,No
23362,PSD3,1,3.3,Yes,85,7,576,131,No
134429,STARD4,2,3.3,Yes,17,368,233,136,No
79139,DERL1,1,3.3,Yes,67,22,597,141,No
81570,CLPB,2,3.3,Yes,14,495,225,174,No
6749,SSRP1,1,3.3,Yes,52,55,668,177,No
3516,RBPJ,4,3.3,Yes,11,680,75,191,No
10954,PDIA5,1,3.3,Yes,40,96,686,204,No
10783,NEK6,1,3.3,Yes,26,217,578,213,No
51631,LUC7L2,1,3.3,Yes,40,95,702,215,No
9060,PAPSS2,1,3.3,Yes,28,174,701,267,No
5996,RGS1,1,3.3,Yes,24,234,650,271,No
5277,PIGA,3,3.3,Yes,9,788,112,285,No
63934,ZNF667,2,3.3,Yes,11,670,237,289,No
4179,CD46,1,3.3,Yes,23,250,664,291,No
9844,ELMO1,1,3.3,Yes,15,458,586,368,No
3720,JARID2,1,3.3,Yes,13,559,577,413,No
3094,HINT1,1,3.3,Yes,15,473,673,421,No
5058,PAK1,1,3.3,Yes,15,437,712,423,No
83854,ANGPTL6,1,3.3,Yes,13,570,618,455,No
10806,SDCCAG8,1,3.3,Yes,12,575,655,486,No
9044,BTAF1,2,3.2,Yes,15,459,244,170,No
1317,SLC31A1,1,3.2,Yes,75,13,765,200,No
9217,VAPB,1,3.2,Yes,60,36,751,206,No
6843,VAMP1,1,3.2,Yes,43,86,811,280,No
54431,DNAJC10,1,3.2,Yes,26,205,795,342,No
5782,PTPN12,1,3.2,Yes,23,249,790,363,No
51114,ZDHHC9,2,3.2,Yes,8,834,248,385,No
4046,LSP1,1,3.2,Yes,18,334,760,391,No
673,BRAF,1,3.2,Yes,16,415,731,422,No
57458,TMCC3,1,3.2,Yes,17,369,794,433,No
8226,HDHD1A,1,3.2,Yes,17,392,781,440,No
114801,KIAA1913,1,3.2,Yes,15,434,806,492,No
10135,PBEF1,5,3.1,Yes,21,281,58,48,Yes
1997,ELF1,1,3.1,Yes,61,33,824,251,No
2644,GCHFR,1,3.1,Yes,55,45,813,252,No
8731,RNMT,3,3.1,Yes,6,1057,126,450,No
1399,CRKL,4,3.0,Yes,52,56,88,14,No
54985,HCFC1R1,2,3.0,Yes,21,280,260,110,No
4616,GADD45B,5,3.0,Yes,14,494,64,120,Yes
26297,SERGEF,2,3.0,Yes,16,409,263,157,No
5352,PLOD2,4,3.0,Yes,10,742,85,239,No
7597,ZBTB25,2,3.0,Yes,12,616,266,269,No
254251,LCORL,1,3.0,Yes,52,60,860,298,No
121457,IKIP,2,2.9,Yes,16,414,287,166,No
6713,SQLE,2,2.9,Yes,13,526,272,216,No
64746,ACBD3,1,2.9,Yes,36,119,868,329,No
2256,FGF11,1,2.9,Yes,23,247,879,405,No
56255,TXNDC13,2,2.9,Yes,8,881,290,439,No
6711,SPTBN1,2,2.9,Yes,7,904,276,446,No
11016,ATF7,1,2.9,Yes,18,339,867,467,No
23030,JMJD2B,5,2.8,Yes,23,245,68,44,Yes
9282,MED14,2,2.8,Yes,31,151,301,83,No
10848,PPP1R13L,2,2.8,Yes,31,158,295,84,No
1198,CLK3,4,2.8,Yes,13,553,94,147,No
53918,PELO,2,2.8,Yes,13,572,299,263,No
51026,GOLT1B,1,2.8,Yes,65,29,897,303,No
54800,KLHL24,4,2.8,Yes,7,933,93,354,No
4351,MPI,3,2.8,Yes,8,889,138,355,No
7163,TPD52,3,2.8,Yes,7,901,142,367,No
444,ASPH,3,2.7,Yes,53,51,154,20,No
5914,RARA,3,2.7,Yes,37,113,144,27,No
9337,CNOT8,2,2.7,Yes,41,93,336,75,No
10018,BCL2L11,2,2.7,Yes,28,184,323,96,No
54882,ANKHD1,2,2.7,Yes,28,192,318,97,No
821,CANX,2,2.7,Yes,13,533,315,247,No
84129,ACAD11,2,2.7,Yes,10,729,324,377,No
91452,ACBD5,2,2.7,Yes,9,781,317,394,No
3485,IGFBP2,2,2.7,Yes,9,804,331,412,Yes
2113,ETS1,1,2.7,Yes,25,222,919,418,Yes
54665,RSBN1,5,2.6,Yes,68,21,77,9,No
2800,GOLGA1,2,2.6,Yes,65,28,346,58,No
7511,XPNPEP1,2,2.6,Yes,52,54,342,69,No
1906,EDN1,2,2.6,Yes,37,117,349,87,Yes
3939,LDHA,4,2.6,Yes,15,470,100,123,Yes
84879,MFSD2,2,2.6,Yes,20,300,359,155,No
7046,TGFBR1,3,2.6,Yes,12,582,168,187,No
4849,CNOT3,1,2.6,Yes,36,121,927,371,No
10957,PNRC1,2,2.6,Yes,9,754,341,392,No
79665,DHX40,3,2.5,Yes,55,43,182,22,No
23081,JMJD2C,3,2.5,Yes,30,161,178,49,No
22822,PHLDA1,4,2.5,No,23,252,110,54,No
26127,FGFR1OP2,2,2.5,Yes,49,68,363,77,No
5351,PLOD1,4,2.5,Yes,15,445,117,122,No
6566,SLC16A1,3,2.5,Yes,15,442,183,143,No
5034,P4HB,2,2.5,Yes,17,366,364,183,No
91966,CXorf40A,2,2.5,Yes,12,596,386,326,No
204,AK2,4,2.5,Yes,8,878,113,331,No
9643,MORF4L2,1,2.5,Yes,37,106,943,373,No
7110,TMF1,2,2.4,Yes,95,3,397,71,No
55726,C12orf11,2,2.4,Yes,44,81,401,90,No
2908,NR3C1,4,2.4,Yes,17,391,121,98,No
5223,PGAM1,4,2.4,Yes,16,422,120,111,No
51400,PPME1,4,2.4,Yes,14,510,123,145,No
1942,EFNA1,3,2.4,Yes,13,537,187,179,No
221935,SDK1,1,2.4,Yes,28,187,990,441,No
7416,VDAC1,4,2.3,Yes,28,181,128,43,No
55858,TMEM165,2,2.3,Yes,36,127,445,125,No
9943,OXSR1,3,2.3,Yes,14,491,197,163,No
3098,HK1,4,2.3,Yes,11,671,125,214,Yes
9695,EDEM1,2,2.3,Yes,17,376,430,224,No
2571,GAD1,2,2.3,Yes,15,457,439,279,No
56997,CABC1,1,2.3,Yes,42,88,1007,393,No
375612,LHFPL3,1,2.3,Yes,36,128,1012,416,No
26502,NARF,3,2.2,Yes,48,72,232,38,No
51008,ASCC1,3,2.2,Yes,48,70,235,39,No
56987,BBX,2,2.2,Yes,17,389,462,249,No
57178,ZMIZ1,3,2.2,Yes,9,766,226,334,No
2804,GOLGB1,1,2.2,Yes,54,47,1036,386,No
2309,FOXO3,3,2.2,Yes,7,931,221,426,No
4299,AFF1,1,2.2,Yes,32,146,1016,432,No
5238,PGM3,1,2.2,Yes,28,186,1025,472,No
2597,GAPDH,4,2.1,Yes,65,24,139,16,Yes
868,CBLB,2,2.1,Yes,50,64,479,113,No
23321,TRIM2,3,2.1,Yes,9,771,251,352,No
9262,STK17B,1,2.1,Yes,33,135,1097,489,No
2058,EPRS,2,2.0,Yes,34,133,490,142,No
51762,RAB8B,3,2.0,Yes,15,450,256,171,No
8864,PER2,3,2.0,No,14,484,267,189,No
6619,SNAPC3,3,2.0,Yes,7,960,259,480,No
10687,PNMA2,2,1.9,Yes,21,278,524,222,No
23258,RAB6IP1,2,1.9,Yes,15,469,522,332,No
23480,SEC61G,3,1.8,Yes,85,6,308,45,No
55254,TMEM39A,2,1.8,Yes,40,98,527,144,No
7707,ZNF148,2,1.8,Yes,18,354,546,286,No
10657,KHDRBS1,2,1.8,No,17,373,536,290,No
64778,FNDC3B,2,1.8,Yes,13,528,541,383,No
1112,FOXN3,3,1.8,Yes,8,848,314,431,No
9867,PJA2,3,1.7,Yes,64,32,352,63,No
10209,EIF1,4,1.7,No,15,440,227,156,No
329,BIRC2,2,1.7,Yes,17,357,561,295,No
116068,LYSMD3,2,1.5,Yes,64,30,836,260,No
831,CAST,2,1.5,Yes,52,57,842,284,No
2744,GLS,4,1.0,No,15,447,496,313,No
2355,FOSL2,3,1.0,No,35,131,871,344,No
6659,SOX4,4,-0.8,No,31,155,837,335,No
6432,SFRS7,5,-0.9,No,32,142,457,135,No
10146,G3BP1,3,-1.0,Yes,36,124,849,323,No
11060,WWP2,2,-1.4,Yes,35,132,883,349,No
1965,EIF2S1,2,-1.6,Yes,30,162,752,292,No
9125,RQCD1,2,-1.6,Yes,33,134,816,316,No
8439,NSMAF,3,-1.6,Yes,12,580,413,336,No
25847,ANAPC13,2,-1.6,Yes,21,268,768,362,No
7415,VCP,3,-1.6,Yes,9,815,381,462,No
2271,FH,3,-1.7,Yes,20,299,360,154,No
60481,ELOVL5,2,-1.7,Yes,25,221,556,198,No
54976,C20orf27,2,-1.7,Yes,20,284,560,246,No
10213,PSMD14,2,-1.7,Yes,17,371,558,307,No
2222,FDFT1,2,-1.7,Yes,16,398,553,318,No
8289,ARID1A,3,-1.7,Yes,8,857,362,481,No
54968,TMEM70,2,-1.8,Yes,50,66,548,139,No
898,CCNE1,2,-1.8,Yes,21,275,535,227,No
10682,EBP,2,-1.8,Yes,20,290,533,234,No
2521,FUS,2,-1.8,Yes,20,291,534,236,No
23070,KIAA0082,2,-1.8,Yes,19,315,545,255,No
10431,TIMM23,2,-1.8,Yes,12,606,549,427,No
9221,NOLC1,3,-1.8,Yes,8,838,320,428,No
8569,MKNK1,2,-1.8,Yes,11,630,551,448,No
3609,ILF3,4,-1.9,Yes,22,256,167,73,No
58477,SRPRB,2,-1.9,Yes,52,58,517,126,No
4638,MYLK,2,-1.9,Yes,44,84,518,137,No
4928,NUP98,2,-1.9,Yes,22,263,515,199,No
255231,MCOLN2,2,-1.9,Yes,12,603,512,401,No
1798,DPAGT1,1,-1.9,Yes,90,5,1215,482,No
5036,PA2G4,2,-2.0,Yes,28,172,485,151,No
10121,ACTR1A,5,-2.0,Yes,13,571,108,158,No
55585,UBE2Q1,2,-2.0,Yes,15,465,495,320,No
7343,UBTF,3,-2.0,Yes,10,702,262,322,No
7203,CCT3,4,-2.0,Yes,6,1047,148,461,No
5306,PITPNA,2,-2.0,Yes,10,711,488,464,No
51290,ERGIC2,1,-2.0,Yes,40,94,1139,490,No
6632,SNRPD1,3,-2.1,Yes,40,99,243,51,No
29925,GMPPB,2,-2.1,Yes,17,362,475,242,No
7019,TFAM,2,-2.1,Yes,13,522,474,337,No
23269,MGA,1,-2.1,Yes,33,136,1110,496,No
51073,MRPL4,3,-2.2,Yes,15,432,219,148,No
25855,BRMS1,2,-2.2,Yes,25,223,456,159,No
516,ATP5G1,3,-2.2,Yes,13,558,229,207,No
9131,AIFM1,3,-2.2,Yes,10,717,241,319,No
1994,ELAVL1,3,-2.2,Yes,9,799,231,357,No
10063,COX17,3,-2.2,Yes,9,812,224,361,No
51661,FKBP7,1,-2.2,Yes,52,62,1037,395,No
4670,HNRPM,2,-2.2,Yes,11,647,467,400,No
31,ACACA,1,-2.2,Yes,41,92,1052,419,No
22877,MLXIP,1,-2.2,Yes,32,147,1032,444,No
151246,SGOL2,3,-2.2,No,6,1008,239,497,No
53373,TPCN1,3,-2.3,Yes,47,74,200,31,No
2870,GRK6,3,-2.3,Yes,28,190,202,65,No
7283,TUBG1,3,-2.3,Yes,23,253,217,89,No
10482,NXF1,3,-2.3,Yes,17,355,203,121,No
51382,ATP6V1D,2,-2.3,Yes,30,160,427,133,No
23479,ISCU,2,-2.3,Yes,18,346,425,196,No
7916,BAT2,2,-2.3,Yes,14,482,438,299,No
4898,NRD1,2,-2.3,Yes,14,502,435,312,No
51075,TXNDC14,3,-2.3,Yes,10,743,207,317,No
118980,SFXN2,2,-2.3,Yes,13,555,441,338,No
57620,STIM2,2,-2.3,Yes,10,710,428,414,No
25994,HIGD1A,2,-2.3,Yes,10,734,429,434,No
8396,PIP4K2B,1,-2.3,Yes,27,200,1011,471,No
56886,UGCGL1,2,-2.4,Yes,64,31,408,79,No
23193,GANAB,2,-2.4,Yes,54,48,417,86,No
22818,COPZ1,2,-2.4,Yes,36,126,393,103,No
9344,TAOK2,2,-2.4,Yes,37,116,414,108,No
5495,PPM1B,2,-2.4,Yes,31,152,399,116,No
6282,S100A11,2,-2.4,Yes,25,219,423,146,No
144363,LYRM5,2,-2.4,Yes,18,327,402,181,No
9553,MRPL33,2,-2.4,Yes,17,390,421,229,No
10169,SERF2,3,-2.4,Yes,11,637,185,233,No
58478,ENOPH1,2,-2.4,Yes,15,448,407,250,No
9031,BAZ1B,2,-2.4,Yes,13,518,405,300,No
8775,NAPA,3,-2.4,Yes,9,794,193,328,No
10525,HYOU1,1,-2.4,Yes,43,87,969,378,No
51000,SLC35B3,2,-2.4,Yes,11,668,389,379,No
408,ARRB1,1,-2.4,Yes,35,130,986,402,No
10605,PAIP1,2,-2.4,Yes,9,758,403,430,No
23580,CDC42EP4,1,-2.4,Yes,27,195,974,437,No
9533,POLR1C,1,-2.4,Yes,25,220,965,453,No
10611,PDLIM5,2,-2.4,Yes,9,789,424,475,No
3183,HNRNPC,2,-2.4,Yes,9,795,422,478,No
152815,THAP6,1,-2.4,Yes,22,267,977,495,No
6183,MRPS12,3,-2.5,Yes,26,209,172,60,No
4771,NF2,3,-2.5,Yes,18,344,174,101,No
4343,MOV10,2,-2.5,Yes,26,208,371,127,No
2268,FGR,2,-2.5,Yes,24,231,387,140,No
8891,EIF2B3,3,-2.5,Yes,13,536,179,173,No
9688,NUP93,2,-2.5,Yes,17,370,378,185,No
7112,TMPO,3,-2.5,Yes,10,745,175,297,No
3608,ILF2,1,-2.5,Yes,28,189,942,408,No
57082,CASC5,2,-2.5,Yes,9,813,380,459,No
55789,DEPDC1B,2,-2.6,Yes,19,309,347,150,No
9673,SLC25A44,3,-2.6,Yes,11,617,163,201,No
29929,ALG6,2,-2.6,Yes,15,461,339,218,No
6426,SFRS1,3,-2.6,Yes,11,664,160,235,No
5987,TRIM27,4,-2.6,Yes,10,723,102,237,No
5281,PIGF,2,-2.6,Yes,14,479,353,241,No
23043,TNIK,2,-2.6,Yes,14,493,350,245,No
10197,PSME3,3,-2.6,Yes,8,876,166,366,No
10963,STIP1,2,-2.7,Yes,32,143,325,88,No
54205,CYCS,3,-2.7,Yes,17,374,153,107,No
790,CAD,3,-2.7,Yes,15,439,150,134,Yes
57486,NLN,1,-2.7,Yes,60,34,913,315,No
7351,UCP2,2,-2.7,Yes,10,696,327,353,No
84909,C9orf3,2,-2.7,Yes,9,773,334,396,No
4204,MECP2,1,-2.7,Yes,21,277,907,451,No
908,CCT6A,3,-2.7,Yes,5,1074,152,484,No
6728,SRP19,2,-2.8,Yes,65,26,302,46,No
9057,SLC7A6,4,-2.8,Yes,18,338,95,78,No
22929,SEPHS1,2,-2.8,Yes,27,203,303,95,No
79697,C14orf169,3,-2.8,Yes,13,550,143,164,No
22984,PDCD11,2,-2.8,Yes,14,514,294,225,No
55222,LRRC20,2,-2.8,Yes,11,682,304,327,No
3491,CYR61,1,-2.8,Yes,28,193,891,387,No
3838,KPNA2,2,-2.8,Yes,8,858,291,424,No
56943,ENY2,1,-2.8,Yes,20,292,888,447,No
55969,C20orf24,2,-2.8,Yes,8,887,306,458,No
10528,NOL5A,2,-2.8,Yes,8,897,300,463,No
4247,MGAT2,2,-2.9,Yes,70,18,288,42,No
5905,RANGAP1,2,-2.9,Yes,21,279,278,119,No
51495,PTPLAD1,2,-2.9,Yes,20,289,282,124,No
83690,CRISPLD1,2,-2.9,Yes,16,417,285,167,No
10061,ABCF2,4,-2.9,Yes,11,633,90,178,No
55577,NAGK,2,-2.9,Yes,14,507,281,209,No
9938,ARHGAP25,1,-2.9,Yes,37,115,875,330,No
11219,TREX2,2,-2.9,Yes,8,833,275,397,No
23518,R3HDM1,3,-3.0,Yes,36,120,133,26,No
55055,ZWILCH,2,-3.0,Yes,75,14,258,30,No
55729,ATF7IP,3,-3.0,Yes,22,262,131,67,No
53838,C11orf24,2,-3.0,Yes,13,523,265,208,No
23536,ADAT1,3,-3.0,Yes,11,674,130,223,No
9020,MAP3K14,1,-3.0,Yes,48,73,853,304,No
788,SLC25A20,1,-3.0,Yes,19,320,850,438,No
26097,C1orf77,1,-3.1,Yes,65,23,839,257,No
4924,NUCB1,1,-3.1,Yes,49,69,817,274,No
54555,DDX49,1,-3.1,Yes,37,111,825,311,No
1164,CKS2,1,-3.1,Yes,31,153,822,324,No
6625,SNRP70,1,-3.1,Yes,26,213,838,375,No
6522,SLC4A2,2,-3.1,Yes,9,810,255,381,No
6251,RSU1,1,-3.1,Yes,18,351,814,436,No
10926,DBF4,1,-3.1,Yes,17,361,823,452,No
8869,ST3GAL5,1,-3.1,Yes,17,381,812,457,No
117583,PARD3B,3,-3.1,Yes,5,1077,129,468,No
57217,TTC7A,2,-3.2,Yes,22,259,245,94,No
9703,KIAA0100,2,-3.2,Yes,20,285,247,109,No
9138,ARHGEF1,1,-3.2,Yes,60,39,724,193,No
10330,TMEM4,1,-3.2,Yes,50,65,736,219,No
2673,GFPT1,1,-3.2,Yes,60,38,789,238,No
55735,DNAJC11,1,-3.2,Yes,65,27,803,240,No
6646,SOAT1,1,-3.2,Yes,44,80,784,258,No
8675,STX16,1,-3.2,Yes,32,141,755,278,No
51441,YTHDF2,1,-3.2,Yes,36,125,772,281,No
57565,KLHL14,1,-3.2,Yes,41,91,807,282,No
51760,SYT17,1,-3.2,Yes,37,109,793,287,No
84188,MLSTD2,2,-3.2,Yes,11,669,250,296,No
10513,APPBP2,1,-3.2,Yes,27,199,762,321,No
440400,MGC71993,1,-3.2,Yes,23,242,767,346,No
400916,C22orf16,1,-3.2,Yes,20,286,729,350,No
84132,USP42,1,-3.2,Yes,17,383,728,399,No
55165,CEP55,1,-3.2,Yes,16,397,735,410,No
56478,EIF4ENIF1,1,-3.2,Yes,16,418,759,442,No
308,ANXA5,1,-3.2,Yes,16,395,808,466,No
375056,MIA3,1,-3.2,Yes,15,468,779,498,No
29979,UBQLN1,1,-3.2,Yes,13,524,723,499,No
56652,PEO1,2,-3.3,Yes,18,349,236,132,No
83930,STARD3NL,1,-3.3,Yes,56,42,642,161,No
813,CALU,1,-3.3,Yes,72,17,713,182,No
199870,FAM76A,1,-3.3,Yes,28,180,585,194,No
10484,SEC23A,1,-3.3,Yes,29,168,607,197,No
53335,BCL11A,1,-3.3,Yes,37,110,691,220,No
54495,TXNDC10,1,-3.3,Yes,26,212,596,226,No
80219,COQ10B,1,-3.3,Yes,39,101,720,232,No
64376,IKZF5,1,-3.3,Yes,29,170,688,254,No
25940,FAM98A,1,-3.3,Yes,24,237,634,264,No
55294,FBXW7,1,-3.3,Yes,26,206,679,273,No
23424,TDRD7,1,-3.3,Yes,19,317,575,276,No
55761,TTC17,1,-3.3,Yes,25,224,674,283,No
200576,PIP5K3,1,-3.3,Yes,20,283,624,288,No
27044,SND1,1,-3.3,Yes,21,271,643,293,No
5931,RBBP7,2,-3.3,Yes,11,683,234,294,No
378,ARF4,1,-3.3,Yes,18,353,572,301,No
10890,RAB10,1,-3.3,Yes,20,288,639,305,No
7541,ZFP161,1,-3.3,Yes,20,287,644,308,No
5704,PSMC4,1,-3.3,Yes,20,304,628,309,No
11168,PSIP1,1,-3.3,Yes,24,239,707,314,No
84668,FAM126A,1,-3.3,Yes,17,360,640,341,No
5829,PXN,1,-3.3,Yes,16,421,590,347,No
29071,C1GALT1C1,2,-3.3,Yes,9,798,230,356,No
4709,NDUFB3,1,-3.3,Yes,15,428,602,358,No
2963,GTF2F2,1,-3.3,Yes,18,340,696,360,No
10180,RBM6,1,-3.3,Yes,16,394,647,364,No
63891,RNF123,1,-3.3,Yes,18,333,714,369,No
27230,SERP1,1,-3.3,Yes,18,341,708,374,No
57181,SLC39A10,1,-3.3,Yes,16,405,667,384,No
9994,CASP8AP2,1,-3.3,Yes,15,464,621,388,No
23317,DNAJC13,1,-3.3,Yes,14,481,608,389,No
5783,PTPN13,1,-3.3,Yes,15,430,695,404,No
115416,C7orf30,1,-3.3,Yes,14,501,630,409,No
27005,USP21,1,-3.3,Yes,14,499,641,417,No
10437,IFI30,1,-3.3,Yes,13,565,579,420,No
5062,PAK2,1,-3.3,Yes,13,563,632,460,No
9649,RALGPS1,1,-3.3,Yes,14,500,711,470,No
163,AP2B1,1,-3.3,Yes,12,588,631,479,No
9619,ABCG1,1,-3.3,Yes,11,618,604,483,No
6683,SPAST,1,-3.3,Yes,13,567,665,488,No
3840,KPNA4,1,-3.3,Yes,11,619,625,494,No
8503,PIK3R3,2,-3.4,Yes,12,587,215,221,No
10165,SLC25A13,1,-3.4,Yes,20,305,562,261,No
2130,EWSR1,1,-3.4,Yes,19,325,563,275,No
23272,C3orf63,2,-3.4,No,8,832,209,365,No
54505,DHX29,2,-3.4,Yes,7,948,216,435,No
57120,GOPC,3,-3.5,No,75,15,104,12,No
113263,GLCCI1,2,-3.5,Yes,15,452,205,153,No
7029,TFDP2,1,-3.5,Yes,30,167,554,175,No
5166,PDK4,1,-3.5,Yes,13,540,550,390,No
2122,EVI1,1,-3.6,Yes,26,214,537,188,No
146705,C17orf56,1,-3.6,Yes,24,229,538,195,No
23368,PPP1R13B,2,-3.7,Yes,7,975,184,429,No
27338,UBE2S,2,-3.8,Yes,16,408,173,129,No
283755,LOC283755,1,-3.8,Yes,17,365,519,272,No
84842,HPDL,1,-3.9,Yes,11,629,500,406,No
9787,DLG7,3,-4.0,Yes,9,782,86,262,No
79637,ARMC7,1,-4.0,Yes,14,509,497,345,No
66008,TRAK2,1,-4.1,Yes,21,276,486,192,No
3693,ITGB5,1,-4.1,Yes,11,636,484,403,No
80267,EDEM3,3,-4.2,Yes,50,67,79,15,No
22834,ZNF652,1,-4.3,Yes,14,506,472,325,No
122773,KLHDC1,1,-4.3,Yes,13,531,471,343,No
7020,TFAP2A,1,-4.3,Yes,12,586,466,376,No
8659,ALDH4A1,1,-4.5,Yes,52,59,454,99,No
51741,WWOX,1,-4.5,Yes,45,76,449,106,No
283149,BCL9L,1,-4.5,Yes,15,433,451,270,No
9117,SEC22C,1,-4.5,Yes,9,772,442,476,No
147912,SIX5,1,-4.6,Yes,12,581,434,348,No
11108,PRDM4,1,-4.7,Yes,17,379,431,228,No
55170,PRMT6,1,-4.7,Yes,9,819,433,500,No
56900,C1orf119,1,-4.8,Yes,53,49,410,85,No
3142,HLX,1,-4.8,Yes,15,443,398,244,No
162073,LOC162073,3,-5.3,No,26,207,57,28,No
23119,HIC2,1,-5.3,Yes,11,667,329,339,No
6622,SNCA,1,-5.3,Yes,10,704,344,372,No
403313,PPAPDC2,1,-5.8,Yes,7,932,283,477,No
23229,ARHGEF9,1,-5.9,Yes,21,273,274,114,No
80746,TSEN2,1,-5.9,Yes,14,512,269,203,No
55109,AGGF1,2,-6.1,No,6,1055,83,415,No
891,CCNB1,3,-6.3,Yes,17,386,43,76,No
9136,RRP9,2,-6.5,Yes,26,215,76,35,No
55553,SOX6,1,-6.5,Yes,32,145,238,62,No
83461,CDCA3,2,-6.7,Yes,15,444,73,100,No
9685,CLINT1,1,-6.8,Yes,27,201,213,72,No
1503,CTPS,1,-6.9,Yes,11,661,210,265,No
115509,ZNF689,1,-7.2,Yes,7,917,192,398,No
57459,GATAD2B,1,-7.6,Yes,18,347,171,102,No
10424,PGRMC2,1,-8.2,Yes,36,122,147,29,No
57649,PHF12,1,-8.2,Yes,13,557,146,169,No
5514,PPP1R10,2,-8.4,Yes,19,323,50,57,No
81894,SLC25A28,1,-9.4,Yes,28,178,124,36,No
79094,CHAC1,1,-9.7,Yes,10,695,119,230,No
219743,TYSND1,1,-9.8,Yes,5,1070,118,454,No
26156,RSL1D1,2,-11.5,No,10,719,34,190,No
375593,TRIM73,1,-12.5,Yes,10,709,82,212,No
162466,PHOSPHO1,1,-14.5,Yes,5,1067,67,411,No
23211,C19orf7,1,-14.7,Yes,19,308,65,56,No
84878,ZBTB45,1,-22.0,Yes,14,487,35,105,No
